Student,Math,Science,English,Days_Present,Total_Days,Average_Grade,Attendance_%,Needs_Followup
Alice,85.0,90.0,78.0,42,45,84.33333333333333,93.33333333333333,False
Bob,70.0,88.0,,41,45,79.0,91.11111111111111,False
Charlie,95.0,92.0,89.0,45,45,92.0,100.0,False
David,60.0,,80.0,35,45,70.0,77.77777777777779,False
Eva,88.0,76.0,85.0,40,45,83.0,88.88888888888889,False
Frank,,70.0,75.0,28,45,72.5,62.22222222222222,True
Grace,82.0,85.0,80.0,38,45,82.33333333333333,84.44444444444444,False
